{
  "tfidf_logreg": {
    "learning_rate": 0.5,
    "epochs": 400,
    "l2_strength": 0.001,
    "weights": [
      1.0806398570484106,
      0.29836657045970405,
      0.04864598363358001,
      0.39334374135961797,
      0.3673952889393961,
      0.3230156652550597,
      0.05905762655479004,
      -0.37841200802856506,
      0.39334374135961797,
      -0.301519973521716,
      -0.20846277342587857,
      0.3359574323487411,
      -0.3398783219128252,
      -0.27541396253932177,
      -0.27541396253932177,
      -0.3980924020973168,
      -0.01978915208202444,
      0.37231184818281843,
      0.08787823990766802,
      0.609571424443954,
      0.030091547401906456,
      -1.0948299889419268,
      -0.33874649359364195,
      -0.2725824071577388,
      0.3359574323487411,
      -0.33960156553282145,
      -0.2725824071577388,
      0.046659075293866654,
      0.37231184818281843,
      0.4268804332078769,
      -0.294965004784324,
      0.3764670361037004,
      -0.01870394622141515,
      0.03916043894745444,
      0.28065681953519456,
      0.03662193208438339,
      -0.9212416241276017,
      0.4268804332078769,
      -0.33874649359364195,
      -0.3825159428288958,
      0.10826328090170484,
      0.42200206995416434,
      -0.37841200802856506,
      -0.2495432161506815,
      -0.2495432161506815,
      -0.3153498295908192,
      -0.301519973521716,
      -0.27541396253932177,
      0.331168696851425,
      -0.30022452135103966,
      -0.2797706070000278,
      -0.37841200802856506,
      -0.33874649359364195,
      0.331168696851425,
      -1.3176920747171532,
      1.1535894073233979,
      -0.2725824071577388,
      -0.33960156553282145,
      -0.2564787105076933,
      -0.3398783219128252,
      -0.30022452135103966,
      0.3764670361037004,
      -0.3153498295908192,
      0.39334374135961797,
      -0.014869361891756012,
      -0.20846277342587857,
      0.38201677856317623,
      -0.20846277342587857,
      -0.3398783219128252,
      0.39414006087201603,
      0.3230156652550597,
      0.4268804332078769,
      -0.33960156553282145,
      -0.30022452135103966,
      0.06076538623126212,
      -0.670437141678143,
      0.027741644182809878,
      0.3359574323487411,
      0.3673952889393961,
      -0.20846277342587857,
      0.4070638908588651,
      0.5769160985280479,
      0.5527984797526899,
      0.37231184818281843,
      0.019987081386508756,
      0.020662776939748988,
      0.04793207827945207,
      -0.27541396253932177,
      0.28065681953519456,
      0.37601876468077766,
      0.30755860744358715,
      0.42200206995416434,
      0.37601876468077766,
      0.37601876468077766,
      0.3162635778726686,
      -0.3153498295908192,
      0.4070638908588651,
      0.3041748932280077,
      0.39334374135961797,
      0.39334374135961797,
      -0.301519973521716,
      -0.37841200802856506,
      -0.014411895643992038,
      0.6233654041960535,
      -0.33960156553282145,
      0.331168696851425,
      0.0327161734559652,
      -0.294965004784324,
      -0.37841200802856506,
      -0.40908677963825757,
      0.6175058826256332,
      0.6838888512373533,
      0.331168696851425,
      0.3764670361037004,
      0.38201677856317623,
      -0.3825159428288958,
      0.31277279643111133,
      -0.2725824071577388,
      0.3764670361037004,
      -0.37841200802856506,
      0.30755860744358715,
      -0.301519973521716,
      -0.3153498295908192,
      -0.30022452135103966,
      0.3359574323487411,
      -0.2725824071577388,
      -0.27541396253932177,
      -0.3398783219128252,
      0.39414006087201603,
      0.4070638908588651,
      0.669268249577987,
      0.31277279643111133,
      -0.3398783219128252,
      0.42200206995416434,
      0.4268804332078769,
      -0.40908677963825757,
      0.3764670361037004,
      0.42200206995416434,
      -0.294202967706951,
      0.4070638908588651,
      0.38201677856317623,
      -0.20846277342587857,
      -0.8375188089924962,
      0.38201677856317623,
      0.4070638908588651,
      0.39414006087201603,
      0.46587262317931205,
      0.46587262317931205,
      -0.2725824071577388,
      0.30755860744358715,
      0.31277279643111133,
      -0.2729368324941904,
      0.39414006087201603,
      0.05090885895851422,
      -0.2495432161506815,
      0.8783057040225004,
      -0.33874649359364195,
      -0.3398783219128252,
      0.027741644182809878,
      0.5485053488450498,
      0.6545208247866815,
      -0.4745331069721572,
      -0.2725824071577388,
      -0.2797706070000278,
      -0.2725824071577388,
      0.37601876468077766,
      0.15021497955353402,
      0.3764670361037004,
      -0.301519973521716,
      -0.294965004784324,
      -0.33874649359364195,
      0.31277279643111133,
      0.02568658966647361,
      -0.3825159428288958,
      0.3189342238581834,
      -0.3710919462132208,
      0.4268804332078769,
      0.331168696851425,
      0.3359574323487411,
      -0.3980924020973168,
      0.15559223599156644,
      0.37231184818281843,
      -0.2725824071577388,
      -0.2725824071577388,
      -0.2797706070000278,
      -0.27541396253932177,
      0.3673952889393961,
      0.37231184818281843,
      0.3230156652550597,
      0.3764670361037004,
      0.03662193208438339,
      -0.3710919462132208,
      0.42200206995416434,
      -0.294965004784324,
      -0.294965004784324,
      0.3764670361037004,
      -0.33960156553282145,
      -0.2725824071577388,
      0.06934192213968642,
      -0.27541396253932177,
      0.331168696851425,
      -0.6895785121678704,
      -1.3761386638620827,
      0.37601876468077766,
      -0.30022452135103966,
      0.3162635778726686,
      -0.3980924020973168,
      -0.3825159428288958,
      0.42200206995416434,
      -0.8188205882086991,
      0.05090885895851422,
      -0.37841200802856506,
      0.3230156652550597,
      0.39414006087201603,
      -0.3710919462132208,
      0.7360499365470338,
      -0.2495432161506815,
      0.39414006087201603,
      -0.3710919462132208,
      0.4070638908588651,
      -0.3398783219128252,
      -0.3825159428288958,
      0.08628706696667542,
      -0.3398783219128252,
      -0.9452542288691665,
      0.7567231217287763,
      0.37601876468077766,
      0.07747087777708264,
      -0.3153498295908192,
      -0.2725824071577388,
      -0.301519973521716,
      -0.2495432161506815,
      -0.27541396253932177,
      0.3764670361037004,
      0.38201677856317623,
      -0.3153498295908192,
      0.02568658966647361,
      -0.3153498295908192,
      0.04864598363358001,
      -0.30022452135103966,
      -0.294202967706951,
      -0.294965004784324,
      0.39414006087201603,
      -0.3825159428288958,
      -0.294965004784324,
      0.3230156652550597,
      -0.3825159428288958,
      0.46587262317931205,
      0.03245683322268553,
      -0.5261368610958961,
      0.027741644182809878,
      0.3162635778726686,
      0.7567231217287763,
      -0.3153498295908192,
      -0.647630913672836,
      -0.33874649359364195,
      -0.3710919462132208,
      -0.33874649359364195,
      0.3673952889393961,
      0.15021497955353402,
      -0.3825159428288958,
      0.4070638908588651,
      -0.30022452135103966,
      -0.6306996591816384,
      -0.27541396253932177,
      0.38201677856317623,
      -0.9749208862278205,
      -0.23476722032535607,
      -0.20846277342587857,
      -0.3825159428288958,
      -0.294202967706951,
      -0.3710919462132208,
      -0.49128212517466785,
      0.38201677856317623,
      -0.294202967706951,
      0.019948871585620944,
      -0.2797706070000278,
      0.024912113778807442,
      -0.24117382158540232,
      -0.3398783219128252,
      0.37231184818281843,
      -0.6371411164483783,
      -0.33874649359364195,
      0.02568658966647361,
      -0.7892102600935336,
      0.0733483665820284,
      -0.27541396253932177,
      0.5592604365293486,
      0.28065681953519456,
      0.28065681953519456,
      0.46587262317931205,
      -0.294965004784324,
      0.46587262317931205,
